{"cameraMode":{"drawMode":0,"name":"Shaded","section":"Shading Mode"},"sceneLighting":true,"audioPlay":false,"sceneViewState":{"showFog":true,"showMaterialUpdate":false,"showSkybox":true,"showFlares":true,"showImageEffects":true,"showParticleSystems":true},"in2DMode":false,"pivot":{"x":624.4773559570313,"y":359.7884826660156,"z":-31.783061981201173},"rotation":{"x":0.005399248097091913,"y":-0.014989773742854596,"z":-0.00007917529728729278,"w":-0.9998849630355835},"size":417.605712890625,"orthographic":true}